Country,1970,1971,1972,1973,1974,1975,1976,1977,1978,1979,1980,1981,1982,1983,1984,1985,1986,1987,1988,1989,1990,1991,1992,1993,1994,1995,1996,1997,1998,1999,2000,2001,2002,2003,2004,2005,2006,2007,2008,2009,2010,2011,2012,2013,2014,2015
AngolaUrban,0,0,0,0,0,5.52E-05,5.23E-05,9.10E-05,0.000152483,0.000246061,0.000382287,0.00057739,0.000838717,0.00117637,0.001579317,0.002065317,0.002625793,0.00321194,0.003777568,0.004304214,0.004717476,0.00500707,0.005152849,0.005165983,0.005061814,0.004881957,0.004630084,0.00442804,0.004259302,0.004129011,0.004034339,0.003989318,0.003980585,0.004011215,0.00408011,0.004162808,0.004256442,0.004295727,0.004379797,0.004401384,0.00435767,0.004083331,0.004145232,0.004141424,0.0040719,0.003989139
AngolaRural,0,0,0,0,0,9.15E-06,1.67E-06,2.68E-06,4.01E-06,5.87E-06,8.59E-06,1.27E-05,1.88E-05,2.88E-05,4.41E-05,6.95E-05,0.000110015,0.000170844,0.000256226,0.000370397,0.000535244,0.00073592,0.000998718,0.001328792,0.001719572,0.002156062,0.002639486,0.003115775,0.00351709,0.00384609,0.00406498,0.004162798,0.004131069,0.003936503,0.003580359,0.003118202,0.00260155,0.002037931,0.001539036,0.001131279,0.000918105,0.000770032,0.000689412,0.00061814,0.000545399,0.000482526
BeninUrban,0,0,0,0,0,5.34E-09,1.35E-08,4.50E-08,1.42E-07,4.39E-07,1.28E-06,3.53E-06,9.28E-06,2.31E-05,5.38E-05,0.000118322,0.000240868,0.000459297,0.000811058,0.001320573,0.001999586,0.002774036,0.003579842,0.004276767,0.004759322,0.004993655,0.004980857,0.004791703,0.004473804,0.004105276,0.003731223,0.003399587,0.003123613,0.00289003,0.00270877,0.002585693,0.002439602,0.002321118,0.002213893,0.002129562,0.002029163,0.001933953,0.0018337,0.001743008,0.001645958,0.00155822
BeninRural,0,0,0,0,0,1.38E-10,5.30E-10,2.32E-09,1.01E-08,3.97E-08,1.49E-07,5.31E-07,1.76E-06,5.47E-06,1.56E-05,4.07E-05,9.90E-05,0.000218169,0.000446058,0.000827842,0.001388639,0.002151893,0.00299912,0.003794584,0.004387841,0.004652172,0.00457217,0.004226986,0.003788603,0.00322776,0.002657,0.002144473,0.001738655,0.001448972,0.00126168,0.001165739,0.001107123,0.001089505,0.001091452,0.001098575,0.001084595,0.00103786,0.000961273,0.000892622,0.000823504,0.000759469
BotswanaUrban,0,0,0,0,0,9.66E-06,1.24E-05,2.68E-05,5.67E-05,0.00011744,0.000237274,0.000484631,0.000912731,0.001680958,0.00300521,0.005181545,0.00878513,0.013819668,0.020775427,0.029652082,0.040051862,0.050100318,0.06075651,0.06986944,0.076450015,0.079888172,0.079884797,0.077981104,0.074094096,0.068867099,0.063039455,0.05702846,0.051236933,0.045653018,0.040185932,0.035024497,0.031085884,0.028268895,0.026375216,0.024229944,0.021900696,0.019783877,0.01820596,0.016684539,0.015182068,0.013829753
BotswanaRural,0,0,0,0,0,2.52E-07,3.85E-07,9.23E-07,2.19E-06,5.21E-06,1.23E-05,2.94E-05,6.99E-05,0.000166387,0.000390842,0.000891768,0.001938737,0.00400967,0.007777505,0.013995115,0.023152467,0.035402024,0.048423219,0.060448738,0.069302589,0.073698417,0.074360441,0.071474588,0.066571894,0.060871571,0.055193987,0.050120366,0.045860524,0.042322725,0.039013349,0.035821445,0.033322859,0.031306002,0.029721303,0.027485077,0.025061681,0.02270243,0.020716133,0.018893008,0.017361115,0.016273265
BurkinaFasoUrban,0,0,0,0,0,0.000107904,0.000164478,0.000354316,0.000705802,0.001308086,0.002266293,0.003698845,0.005553163,0.007833061,0.010380023,0.012877697,0.01484651,0.016420351,0.017110632,0.016863877,0.015775434,0.014023846,0.011890333,0.009738423,0.007740398,0.00607608,0.004878136,0.004020148,0.003486046,0.003172737,0.003021307,0.002981999,0.002981113,0.002981387,0.00293595,0.002858651,0.002729271,0.002582228,0.002469069,0.002300892,0.002130917,0.001968868,0.001795495,0.001721724,0.001680685,0.001601473
BurkinaFasoRural,0,0,0,0,0,0.000180882,0.000154352,0.000259796,0.000423919,0.000663767,0.001004848,0.001464194,0.002061782,0.002816592,0.003706748,0.004708549,0.005772903,0.006735428,0.007529992,0.008059391,0.008256225,0.008109687,0.007626764,0.006850659,0.005897272,0.004864282,0.003851447,0.002960814,0.002216707,0.001620785,0.001182572,0.000880007,0.000692595,0.000593796,0.000549454,0.000546706,0.000569896,0.000598795,0.000634386,0.000654064,0.000618225,0.00054332,0.000470404,0.000428053,0.000389804,0.000354101
CamerounUrban,0,0,0,0,0,2.90E-07,7.13E-07,2.17E-06,6.06E-06,1.55E-05,3.64E-05,7.98E-05,0.000162379,0.000311633,0.000563498,0.000971201,0.001574801,0.002424359,0.003539827,0.00491997,0.00652019,0.008264338,0.010059178,0.011777342,0.013280645,0.014492174,0.015356953,0.015884625,0.016058189,0.015931607,0.015529688,0.014939952,0.014218143,0.013389187,0.012519587,0.011600852,0.010605393,0.009675582,0.0088212,0.008042075,0.007535045,0.007157266,0.006775563,0.006368622,0.00606289,0.005690341
CamerounRural,0,0,0,0,0,0.000136475,0.000192224,0.000410121,0.000857657,0.001713477,0.003233818,0.005767207,0.009714928,0.015079642,0.022304287,0.030257295,0.03805874,0.043796967,0.046572862,0.045305979,0.040572399,0.033624589,0.025767184,0.018541462,0.012842334,0.007796394,0.005012179,0.003813642,0.003736256,0.004242232,0.005009573,0.00584061,0.006573872,0.007243151,0.007809267,0.008298605,0.008625228,0.008849731,0.008882645,0.008798721,0.008739551,0.008754462,0.008754692,0.008665781,0.008714247,0.008561691
CentralAfricanRepublicUrban,0,0,0,0,0,0.000208978,0.000149988,0.000258961,0.000435174,0.000715903,0.001137528,0.001742028,0.002548196,0.003586323,0.004846048,0.006313341,0.008011998,0.009867762,0.011891043,0.014001731,0.016128709,0.018124151,0.020100921,0.02184237,0.023212241,0.02403774,0.024207819,0.02380655,0.02274714,0.021112238,0.019058092,0.016776665,0.014416062,0.012136945,0.010108239,0.008329525,0.006939902,0.006074889,0.005464907,0.004893552,0.004367851,0.003979596,0.003607591,0.003240079,0.002912076,0.002612282
CentralAfricanRepublicRural,0,0,0,0,0,1.34E-08,2.97E-08,9.20E-08,2.84E-07,8.56E-07,2.55E-06,7.34E-06,2.07E-05,5.55E-05,0.00014228,0.000343772,0.000766741,0.001597598,0.003125027,0.00556935,0.009002838,0.013462685,0.018242611,0.022502784,0.025381395,0.02610444,0.024518497,0.021416966,0.017336239,0.013202769,0.00936958,0.006177384,0.003737571,0.002095264,0.001218958,0.000884749,0.000933774,0.000925725,0.00075875,0.000632049,0.000513241,0.000432708,0.000363472,0.000302116,0.000252359,0.000208237
ChadUrban,0,0,0,0,0,0.00011193,9.96E-05,0.000171049,0.000282581,0.000443677,0.000665187,0.000945024,0.001295696,0.00170251,0.002158695,0.002638751,0.003164487,0.003699006,0.004240174,0.004777245,0.005286064,0.005750517,0.006196842,0.006596045,0.0069221,0.007166442,0.00732427,0.007387985,0.007365142,0.007255206,0.007056735,0.006823182,0.006501343,0.006163783,0.00579949,0.005424766,0.005050899,0.004624069,0.004231847,0.003750742,0.003299244,0.003127593,0.002909483,0.002673282,0.002451751,0.002251938
ChadRural,0,0,0,0,0,3.39E-05,2.94E-05,5.33E-05,9.41E-05,0.000165922,0.000289465,0.000521392,0.000888678,0.001472888,0.002391231,0.00378997,0.005712248,0.008047533,0.010586034,0.012709834,0.014342909,0.014956468,0.01421001,0.012493972,0.010187243,0.007999334,0.00615958,0.00476779,0.003899702,0.003430878,0.003311966,0.00334743,0.003463436,0.003553947,0.003664161,0.003753602,0.003729468,0.00360202,0.003432047,0.003107369,0.002756728,0.002634041,0.002465721,0.002292461,0.002101376,0.001932023
CongoUrban,0,0,0,0,0,0.000253306,0.000413918,0.000932223,0.001901509,0.003514685,0.005847863,0.008771458,0.011788058,0.014386286,0.016002223,0.016389155,0.01574034,0.014604812,0.013305932,0.011870309,0.010658318,0.009766263,0.009155626,0.008802967,0.008611595,0.008470527,0.008257613,0.007973816,0.007653464,0.007306891,0.006964097,0.006618133,0.006261117,0.005916844,0.005619348,0.005328851,0.004989808,0.00474112,0.004458958,0.004099587,0.003823093,0.003630548,0.004119775,0.004045399,0.003850217,0.003668867
CongoRural,0,0,0,0,0,1.32E-05,9.09E-06,1.53E-05,2.65E-05,4.67E-05,8.33E-05,0.000151267,0.000274051,0.000498789,0.000900119,0.001599246,0.002760685,0.004492,0.006874441,0.009807894,0.012981745,0.015795356,0.017668341,0.018158129,0.017190177,0.015125208,0.012500961,0.009997209,0.007830471,0.006170063,0.00501074,0.004328907,0.003948435,0.003814823,0.003815279,0.003867104,0.003892057,0.003770675,0.003469702,0.003130772,0.002857567,0.002637177,0.002957734,0.002851904,0.002657737,0.002476898
CotedIvoireUrban,0,0,0,0,0,8.06E-05,0.000159642,0.000391577,0.00087753,0.001757138,0.003174311,0.004993126,0.00700525,0.008789964,0.009835963,0.01018166,0.009915954,0.009498709,0.009208013,0.00914598,0.009412707,0.010057603,0.010982348,0.012104369,0.013343693,0.014469859,0.015196416,0.015294429,0.014749047,0.013539347,0.011768552,0.009702004,0.007440069,0.005339017,0.003566637,0.002289968,0.001515041,0.001174581,0.001134386,0.001015236,0.000836406,0.000729608,0.000590098,0.000485823,0.000394742,0.000313027
CotedIvoireRural,0,0,0,0,0,1.42E-07,2.17E-07,5.07E-07,1.12E-06,2.40E-06,5.00E-06,1.02E-05,1.99E-05,3.82E-05,7.15E-05,0.000130052,0.000231675,0.00039613,0.00065859,0.001052391,0.001623286,0.002414238,0.003447122,0.004696908,0.006103983,0.007565976,0.008824391,0.009669844,0.0100005,0.009731848,0.008796344,0.007356594,0.005692608,0.004009829,0.002557911,0.001444197,0.000712088,0.000343839,0.000238179,0.000216244,0.000175289,0.000147751,0.000116889,9.48E-05,7.51E-05,5.53E-05
DRCUrban,0,0,0,0,0,0.000188919,0.000350864,0.000805252,0.001620615,0.002902757,0.004614246,0.006534331,0.008283629,0.009505403,0.010007891,0.009819697,0.009190215,0.008320729,0.007476772,0.006814193,0.006376573,0.006183241,0.006162043,0.006284187,0.006459692,0.006639291,0.006800216,0.006851084,0.006828964,0.006734448,0.006560802,0.006346601,0.006055047,0.005707398,0.00534298,0.004965841,0.004615639,0.00426584,0.003995997,0.00366236,0.003395921,0.003200469,0.00301386,0.002816679,0.002628766,0.002446246
DRCRural,0,0,0,0,0,7.90E-05,0.00016433,0.000406027,0.000879158,0.001677281,0.002813298,0.004219,0.005609055,0.006656615,0.007143908,0.007009402,0.006421312,0.005741899,0.005115316,0.004654392,0.004437349,0.004438748,0.004631679,0.004953676,0.005346594,0.005772575,0.006152089,0.006456109,0.006701536,0.00686156,0.006905481,0.006826756,0.006617905,0.00630336,0.005862737,0.005366683,0.004818294,0.004268607,0.003768337,0.003253032,0.002854259,0.002595953,0.002398297,0.002199505,0.002005947,0.001822605
EritreaUrban,0,0,0,0,0,1.68E-08,2.30E-08,5.58E-08,1.43E-07,3.59E-07,9.04E-07,2.29E-06,5.99E-06,1.51E-05,3.74E-05,8.94E-05,0.000206394,0.000449941,0.000917246,0.001718887,0.002941608,0.004618149,0.006583294,0.008522401,0.010023167,0.010688257,0.010428073,0.009381841,0.00776671,0.005986409,0.004332049,0.002957787,0.001952127,0.001280658,0.000934615,0.000805772,0.0008069,0.000867559,0.000951757,0.001032964,0.001007045,0.000888378,0.000665896,0.000526997,0.000440717,0.000389449
EritreaRural,0,0,0,0,0,3.75E-08,1.03E-07,3.49E-07,1.07E-06,3.02E-06,7.92E-06,1.95E-05,4.39E-05,9.01E-05,0.000173204,0.000306552,0.000512209,0.000799998,0.001166312,0.001580984,0.002003865,0.002398762,0.002674685,0.00283077,0.002850392,0.002698083,0.002398171,0.002029932,0.001628941,0.001258605,0.000923865,0.000641528,0.000419368,0.000266245,0.00016807,0.000113137,9.40E-05,9.09E-05,9.60E-05,0.000105154,0.000100249,8.37E-05,6.25E-05,4.69E-05,3.50E-05,2.68E-05
EthiopiaUrban,0,0,0,0,0,6.52E-05,8.59E-05,0.000173963,0.000329011,0.000592036,0.000997522,0.001605668,0.002436256,0.003531666,0.004890064,0.006521709,0.008416403,0.010495414,0.01273457,0.015087025,0.017408143,0.019722837,0.021775109,0.023537469,0.024703596,0.025209284,0.024809811,0.023486935,0.021321205,0.018473238,0.015255552,0.011945774,0.008881913,0.006250837,0.004219626,0.002819456,0.00199185,0.001595741,0.001473857,0.001475371,0.001356172,0.001122881,0.000900935,0.000717551,0.000549137,0.000403407
EthiopiaRural,0,0,0,0,0,1.11E-06,1.29E-06,2.70E-06,5.44E-06,1.10E-05,2.14E-05,4.10E-05,7.59E-05,0.000135609,0.00023312,0.000387981,0.000620765,0.000942961,0.001389627,0.001970181,0.002673884,0.003492013,0.004378287,0.005265706,0.006076951,0.006724782,0.007100341,0.007114742,0.006774641,0.006153828,0.005306716,0.004335315,0.003368991,0.002499137,0.001804719,0.001301331,0.000983828,0.000818079,0.000750845,0.000749463,0.000696288,0.000594803,0.000499625,0.000420491,0.000348379,0.000283041
GabonUrban,0,0,0,0,0,6.97E-06,5.82E-06,1.03E-05,1.80E-05,3.13E-05,5.35E-05,8.97E-05,0.000149602,0.000242179,0.000386145,0.000607597,0.000934208,0.001404066,0.002045254,0.002907675,0.003996666,0.005331499,0.006852697,0.008527136,0.010232498,0.011813259,0.013030969,0.013800189,0.014048916,0.013714496,0.012888798,0.011649366,0.010203624,0.008688298,0.007301116,0.006051161,0.005118306,0.004639335,0.00435987,0.004179653,0.003878926,0.003558949,0.003196284,0.002852957,0.002537978,0.002244955
GabonRural,0,0,0,0,0,0.00017271,0.000138498,0.000216159,0.000320642,0.000459918,0.000629888,0.000842422,0.001086637,0.001364452,0.001671632,0.002018636,0.00239677,0.002781359,0.003171829,0.003577029,0.004009069,0.004442937,0.0048705,0.005299822,0.005735087,0.006169455,0.006622036,0.007021579,0.007415922,0.00777037,0.008080292,0.008467787,0.008792429,0.009039902,0.009243489,0.009272665,0.009280063,0.009368946,0.009366893,0.009248052,0.009181833,0.009299888,0.009265773,0.009279694,0.00929053,0.009294867
GambiaUrban,0,0,0,0,0,2.09E-05,2.30E-05,4.38E-05,7.49E-05,0.000121105,0.000186362,0.000260144,0.000335481,0.000408671,0.000482965,0.000541995,0.000592625,0.000625425,0.000658062,0.000698777,0.0007485,0.000802668,0.000868533,0.000949253,0.001048123,0.00117395,0.001314916,0.00149038,0.001708281,0.001959257,0.002240938,0.002541446,0.002875514,0.003202898,0.003494495,0.003670063,0.003662237,0.003497883,0.003141632,0.002935952,0.002985022,0.002933004,0.002939655,0.002923475,0.002925877,0.002917267
GambiaRural,0,0,0,0,0,7.51E-11,1.60E-10,4.75E-10,1.36E-09,3.89E-09,1.11E-08,3.14E-08,8.87E-08,2.44E-07,6.60E-07,1.76E-06,4.52E-06,1.10E-05,2.55E-05,5.60E-05,0.000114966,0.00022148,0.000399194,0.000670468,0.001041098,0.001485715,0.001987968,0.002480341,0.002887668,0.003174895,0.003279973,0.00323202,0.00302607,0.00272487,0.002386467,0.002094546,0.001835184,0.0017272,0.001674471,0.001608671,0.001531658,0.00138889,0.001268337,0.001161998,0.001066058,0.000977122
GhanaUrban,0,0,0,0,0,0.000167519,0.000129076,0.000204961,0.000313189,0.000458761,0.000648582,0.00088489,0.001159682,0.001472128,0.001806893,0.002167172,0.002555187,0.00291947,0.003279051,0.003624462,0.003947153,0.004243155,0.004505827,0.004728993,0.004914418,0.005055499,0.005151887,0.005199896,0.005202441,0.005147612,0.005047381,0.004897582,0.004697078,0.00446108,0.004183568,0.003858819,0.00351091,0.003144062,0.002766713,0.00239251,0.002088749,0.001867883,0.001682176,0.001519366,0.001359989,0.001218651
GhanaRural,0,0,0,0,0,9.54E-06,1.36E-05,2.89E-05,5.66E-05,0.000104811,0.000183755,0.000301358,0.000470985,0.000702782,0.001004362,0.001382176,0.00182444,0.002325832,0.002876731,0.003445237,0.00402463,0.004587656,0.005086586,0.005492899,0.005802396,0.005962364,0.005958317,0.005784468,0.005473575,0.005034655,0.004512415,0.003942136,0.00336928,0.002839431,0.002374318,0.001988563,0.001688624,0.00147217,0.001306962,0.001186954,0.001097451,0.000985498,0.000848315,0.000722552,0.000610104,0.000507684
GuineaEcuatorialUrban,0,0,0,0,0,3.86E-07,2.37E-07,3.77E-07,6.11E-07,9.78E-07,1.57E-06,2.55E-06,4.12E-06,6.75E-06,1.09E-05,1.76E-05,2.95E-05,4.93E-05,8.32E-05,0.000141305,0.000237783,0.000396417,0.000661149,0.001079182,0.001716363,0.002672945,0.003929342,0.005626943,0.007648655,0.009895526,0.012018491,0.013701187,0.014703465,0.014811476,0.014101025,0.012658264,0.010782025,0.008671122,0.00669233,0.005798206,0.005467457,0.005132901,0.004816444,0.004505724,0.004172397,0.003904521
GuineaEcuatorialRural,0,0,0,0,0,2.39E-11,6.21E-11,2.08E-10,6.99E-10,2.22E-09,6.99E-09,2.08E-08,6.04E-08,1.71E-07,4.69E-07,1.27E-06,3.26E-06,8.21E-06,2.06E-05,4.82E-05,0.00010969,0.00023972,0.000494667,0.000965836,0.001751638,0.002989933,0.004709496,0.006841854,0.009215416,0.011491753,0.013175136,0.013849828,0.013527228,0.012364088,0.010600037,0.008849792,0.007393311,0.006317699,0.005777862,0.005536019,0.005166276,0.004869164,0.004610297,0.004375258,0.004097395,0.003845307
KenyaUrban,0,0,0,0,0,4.54E-08,1.78E-07,7.85E-07,3.06E-06,1.07E-05,3.42E-05,9.78E-05,0.000260558,0.000634811,0.001400263,0.002883042,0.005409811,0.009309307,0.014680258,0.021274842,0.028310468,0.034533423,0.039006554,0.040775285,0.039576478,0.035779599,0.030351708,0.024110078,0.018042476,0.012757009,0.008603731,0.005734546,0.004006498,0.0033577,0.003394201,0.003891061,0.00462966,0.005349267,0.006065713,0.006559994,0.006696874,0.006464479,0.005710517,0.005161269,0.004942549,0.004756665
KenyaRural,0,0,0,0,0,7.80E-06,7.46E-06,1.45E-05,2.81E-05,5.21E-05,9.81E-05,0.000184083,0.000336302,0.000604223,0.00105391,0.00178896,0.002922271,0.004532978,0.006668052,0.009260932,0.012176012,0.014893637,0.01716786,0.018581787,0.018892365,0.018134308,0.016494952,0.014350533,0.011919058,0.009631556,0.007573412,0.005901735,0.004654585,0.003753786,0.003168618,0.002850553,0.002683106,0.002545365,0.002511833,0.002470333,0.00234,0.002063968,0.001661649,0.001351918,0.001193897,0.001075164
LesothoUrban,0,0,0,0,0,4.32E-13,2.01E-12,1.18E-11,7.09E-11,4.30E-10,2.64E-09,1.61E-08,9.70E-08,5.65E-07,3.16E-06,1.63E-05,7.90E-05,0.000332327,0.001213638,0.003834644,0.010154516,0.022796893,0.041576826,0.063112667,0.079780193,0.086114768,0.083161835,0.074851776,0.06593308,0.058181132,0.053341109,0.051773451,0.052442273,0.054626962,0.057679463,0.060170364,0.060714809,0.058510107,0.053441645,0.049014864,0.045764801,0.043180044,0.042628461,0.042031048,0.041351527,0.040535691
LesothoRural,0,0,0,0,0,7.48E-14,5.82E-13,4.70E-12,3.70E-11,2.84E-10,2.02E-09,1.37E-08,8.39E-08,4.78E-07,2.51E-06,1.21E-05,5.13E-05,0.000193752,0.000644348,0.001858642,0.004617666,0.009832042,0.018018663,0.028131159,0.03817236,0.045379478,0.048351512,0.047809631,0.044939719,0.041096162,0.037695863,0.0352386,0.033834817,0.033460085,0.034007733,0.034758343,0.035178909,0.034641828,0.033201356,0.032208441,0.030884776,0.029061508,0.028830787,0.028673533,0.028514912,0.028426223
LiberiaUrban,0,0,0,0,0,3.59E-07,5.67E-07,1.39E-06,3.29E-06,7.49E-06,1.66E-05,3.56E-05,7.36E-05,0.000147087,0.00028306,0.000525024,0.00093286,0.001590588,0.002581699,0.004012051,0.005910517,0.008295783,0.0110023,0.013869518,0.01656244,0.018657477,0.019759196,0.019686194,0.018293289,0.015850358,0.012818033,0.009669396,0.006709291,0.004250965,0.002404487,0.001197335,0.000597943,0.000420187,0.000549757,0.000596921,0.000502367,0.000408094,0.00033338,0.000268268,0.000212952,0.000170241
LiberiaRural,0,0,0,0,0,1.02E-06,8.53E-07,1.60E-06,3.06E-06,5.83E-06,1.12E-05,2.23E-05,4.37E-05,8.56E-05,0.000164765,0.000309787,0.000570697,0.001012536,0.001750768,0.002864231,0.004475741,0.006623834,0.009212225,0.012056695,0.014768689,0.016913125,0.018141234,0.01826386,0.017148426,0.015033257,0.012514929,0.009820168,0.007320212,0.005094835,0.00334128,0.002138095,0.001453797,0.001187758,0.001227075,0.001176223,0.001003745,0.000848857,0.000707929,0.000584746,0.00047695,0.00038601
MalawiUrban,0,0,0,0,0,4.92E-06,9.92E-06,2.68E-05,6.70E-05,0.000159569,0.000351695,0.000722515,0.001398116,0.002553823,0.004393401,0.00712547,0.010956458,0.01580875,0.021312217,0.027246042,0.032847232,0.038010656,0.041844179,0.044239435,0.045090926,0.0444366,0.042695773,0.040114827,0.0369787,0.033630825,0.030221368,0.027001072,0.023910712,0.02108618,0.01848599,0.01606505,0.013570322,0.011072324,0.00959967,0.008129598,0.006897388,0.005861323,0.004711442,0.004130622,0.003645949,0.003196973
MalawiRural,0,0,0,0,0,6.07E-05,0.000125453,0.000312122,0.000667979,0.001316117,0.002562734,0.004294901,0.006419808,0.008683659,0.010841336,0.012574927,0.013740941,0.014311666,0.014166454,0.014283709,0.014775753,0.015197146,0.015882486,0.016672144,0.017663292,0.018766029,0.019676878,0.02044647,0.020996267,0.0211546,0.021033951,0.020524768,0.019583855,0.018170751,0.016201273,0.013874646,0.011019371,0.008127147,0.005863543,0.003962658,0.002674776,0.002052048,0.00160555,0.001340096,0.001113773,0.000882938
MaliUrban,0,0,0,0,0,5.76E-09,1.08E-08,2.90E-08,7.53E-08,1.87E-07,4.39E-07,1.01E-06,2.18E-06,4.56E-06,9.32E-06,1.81E-05,3.43E-05,6.19E-05,0.000109822,0.000190957,0.000323834,0.000531463,0.000848758,0.00131259,0.00195048,0.002780139,0.003804863,0.00490283,0.005919524,0.006739981,0.007183968,0.00722622,0.006774196,0.00597111,0.004943578,0.003917993,0.003086352,0.002453427,0.002048554,0.001831596,0.001686496,0.00152382,0.001361675,0.001210291,0.001078318,0.000963358
MaliRural,0,0,0,0,0,9.45E-06,1.08E-05,2.13E-05,4.12E-05,7.72E-05,0.000142297,0.000255419,0.000445204,0.000751811,0.001226563,0.001938989,0.002931197,0.004148432,0.005594344,0.007048611,0.008262418,0.009017621,0.009116266,0.008686405,0.007647288,0.006350761,0.005177999,0.004198255,0.003475822,0.002976741,0.002647943,0.002467636,0.002376829,0.002360819,0.002366133,0.002367485,0.002365802,0.002303263,0.002222966,0.002118671,0.002007358,0.001895971,0.00177736,0.001676152,0.001583221,0.001503328
NamibiaUrban,0,0,0,0,0,2.47E-06,1.86E-06,3.31E-06,5.94E-06,1.08E-05,2.02E-05,3.83E-05,7.26E-05,0.000138175,0.00026383,0.000497201,0.000926948,0.00166374,0.002884586,0.004797266,0.00763577,0.011572135,0.016473767,0.022117929,0.027956981,0.033288428,0.037334063,0.03961494,0.039886542,0.038262372,0.035167806,0.031140981,0.026731323,0.022575759,0.019073498,0.01637303,0.014339426,0.012916971,0.01216383,0.01168381,0.011510395,0.010986013,0.010613883,0.00909855,0.008223933,0.007366681
NamibiaRural,0,0,0,0,0,1.68E-06,2.11E-06,4.50E-06,9.44E-06,1.92E-05,3.78E-05,7.31E-05,0.000137287,0.000250357,0.000448219,0.000775539,0.00130806,0.002120717,0.003323502,0.005001457,0.007324867,0.010320019,0.013997474,0.018252893,0.022912286,0.027473734,0.031406752,0.034286362,0.035772032,0.035765628,0.034438401,0.031912543,0.028709411,0.025344671,0.022130596,0.019399651,0.017147411,0.015418007,0.014359558,0.013585489,0.013146447,0.012426205,0.011768881,0.010054066,0.00916701,0.008257019
NigeriaUrban,0,0,0,0,0,5.23E-12,4.37E-11,3.43E-10,2.39E-09,1.47E-08,8.37E-08,4.09E-07,1.83E-06,7.22E-06,2.54E-05,7.95E-05,0.000225173,0.000558341,0.001221646,0.002352288,0.004034485,0.006093737,0.008186525,0.009906063,0.010784159,0.010769998,0.01000556,0.008845408,0.007609118,0.006528402,0.005771971,0.005327724,0.005188726,0.005277872,0.005556003,0.005955697,0.006473621,0.00702948,0.007677159,0.008190966,0.008684729,0.009053983,0.009338179,0.009575668,0.009863765,0.010097478
NigeriaRural,0,0,0,0,0,3.75E-07,3.80E-07,7.47E-07,1.45E-06,2.74E-06,5.08E-06,9.25E-06,1.65E-05,2.89E-05,5.06E-05,8.51E-05,0.000141509,0.000229893,0.00035922,0.000549007,0.000819522,0.001177694,0.00164314,0.002214813,0.00287424,0.00359328,0.004371744,0.005128216,0.005787894,0.006329173,0.006681646,0.006856514,0.006787035,0.006489653,0.006011951,0.005371185,0.004661007,0.00388753,0.003170789,0.002457856,0.001875324,0.001561452,0.001380158,0.001187436,0.001012922,0.000841795
RwandaUrban,0,0,0,0,0,0.000238617,0.000409647,0.000973405,0.002113951,0.004214625,0.007711933,0.012792082,0.019509624,0.027234999,0.035125681,0.041637421,0.04599749,0.047104292,0.045004233,0.040238976,0.033956465,0.028495252,0.021630123,0.015934338,0.011304791,0.008690033,0.007309035,0.006540827,0.00637626,0.006501745,0.006798954,0.007067558,0.00741791,0.007742437,0.008038644,0.008034975,0.006968106,0.00622236,0.005905258,0.005317497,0.004477296,0.004199859,0.004321512,0.004141618,0.003900381,0.003626238
RwandaRural,0,0,0,0,0,0.000147257,0.000269181,0.0006756,0.00150083,0.002939521,0.005070098,0.007640577,0.009964259,0.011389032,0.011497285,0.01042794,0.008766259,0.007155713,0.005890558,0.004972874,0.004495219,0.004368483,0.004452628,0.004708228,0.004855659,0.005247924,0.00526228,0.005085859,0.004702887,0.004168036,0.003572164,0.002980993,0.002411694,0.001940476,0.001600865,0.001366056,0.001178695,0.001105409,0.001008739,0.00086287,0.000729925,0.00061752,0.000555827,0.000497494,0.000436526,0.000384946
SierraLeoneUrban,0,0,0,0,0,6.33E-13,2.27E-12,9.34E-12,3.71E-11,1.42E-10,5.26E-10,1.87E-09,6.26E-09,2.07E-08,6.41E-08,1.91E-07,5.46E-07,1.52E-06,4.02E-06,1.02E-05,2.46E-05,5.62E-05,0.000121052,0.000246933,0.000481421,0.000879244,0.001505736,0.002417511,0.00360586,0.005017834,0.006485519,0.007751734,0.008583618,0.008780711,0.008340941,0.007362364,0.006015041,0.004589177,0.003287534,0.00221523,0.001458566,0.001105326,0.000844317,0.000713932,0.000616139,0.000527895
SierraLeoneRural,0,0,0,0,0,1.13E-07,9.26E-08,1.67E-07,3.03E-07,5.36E-07,9.64E-07,1.72E-06,3.03E-06,5.31E-06,9.24E-06,1.57E-05,2.65E-05,4.36E-05,6.99E-05,0.000109127,0.000163704,0.000243668,0.00034866,0.000490081,0.000664786,0.00087968,0.001125093,0.001409161,0.001712524,0.002059608,0.002424486,0.002774239,0.003111599,0.00338429,0.003638497,0.003830638,0.003949539,0.00398913,0.004009456,0.00392316,0.003794371,0.003682457,0.003361221,0.003306761,0.003277131,0.003213795
TanzaniaUrban,0,0,0,0,0,0.000263961,0.000256668,0.000473458,0.000842763,0.001444205,0.002375019,0.003704843,0.00555638,0.007951318,0.010836549,0.014105159,0.017435574,0.020503395,0.022970136,0.024565281,0.02517141,0.024728355,0.023541228,0.021774391,0.019712528,0.017730035,0.01601609,0.014658273,0.013674399,0.013005945,0.012578481,0.012287357,0.012086804,0.011895711,0.011639517,0.011224077,0.010510656,0.0095715,0.008616303,0.007860525,0.007385732,0.006511167,0.006110188,0.005789279,0.005437514,0.00508934
TanzaniaRural,0,0,0,0,0,3.14E-05,2.46E-05,4.33E-05,7.70E-05,0.000135433,0.000235212,0.000405509,0.000678655,0.001119237,0.001789802,0.002759506,0.004088167,0.005725632,0.007580379,0.00946435,0.01111938,0.012307024,0.012795998,0.012516404,0.011627366,0.010367163,0.009038251,0.007853185,0.006905675,0.006204894,0.005744242,0.005473769,0.005338097,0.005293087,0.005283379,0.005265575,0.005156735,0.004975414,0.004794401,0.004557278,0.004350204,0.003851203,0.00366164,0.003508741,0.003342199,0.00315715
TogoUrban,0,0,0,0,0,2.75E-05,2.53E-05,4.48E-05,7.65E-05,0.000126607,0.000205481,0.000320109,0.000479214,0.00069704,0.000984949,0.001355518,0.001829977,0.002394456,0.003063835,0.003843533,0.004722117,0.005690147,0.0067078,0.007728479,0.008705184,0.009557968,0.010216137,0.01061783,0.010686479,0.010448549,0.009925234,0.009203509,0.008364301,0.007474153,0.006617879,0.005892934,0.005283014,0.00492523,0.004700859,0.004492832,0.004221075,0.00384992,0.003475763,0.003091318,0.002797115,0.002607981
TogoRural,0,0,0,0,0,1.23E-05,1.16E-05,2.04E-05,3.46E-05,5.87E-05,9.64E-05,0.000152524,0.000236609,0.000356189,0.000521243,0.000746763,0.001040221,0.001398259,0.001846739,0.002313635,0.002839056,0.003372408,0.003877473,0.004306763,0.004652089,0.004886304,0.00499836,0.005037257,0.00499004,0.004894341,0.004774198,0.004640073,0.00451046,0.0043873,0.00429564,0.004248093,0.004202397,0.004242822,0.004331453,0.004344613,0.004237381,0.004074012,0.003931182,0.003766619,0.003647631,0.003586284
UgandaUrban,0,0,0,0,0,4.60E-06,2.21E-05,0.000102684,0.00040145,0.001325993,0.003689644,0.00875842,0.017013675,0.028042424,0.040271632,0.049749298,0.054848634,0.053668517,0.047690409,0.039273068,0.030209465,0.021664832,0.015421697,0.011142967,0.008643781,0.007449389,0.007219582,0.00757831,0.008229395,0.008992055,0.009790578,0.01057558,0.011261731,0.011848747,0.012232042,0.011999231,0.011512131,0.011262658,0.010315223,0.008866909,0.007942246,0.007408278,0.006981588,0.006507963,0.00595056,0.005538137
UgandaRural,0,0,0,0,0,3.27E-08,1.78E-07,9.74E-07,4.76E-06,2.10E-05,7.68E-05,0.000253787,0.000725555,0.001770788,0.003856545,0.007286344,0.012007702,0.017029837,0.021146888,0.023349678,0.022935654,0.01986381,0.015197355,0.010428744,0.006335163,0.003491882,0.002123509,0.001956316,0.002477307,0.003272021,0.004193221,0.005133577,0.006077708,0.006980469,0.007797436,0.008263445,0.008466537,0.008615828,0.008071433,0.007053064,0.006518594,0.006346303,0.00624256,0.006036052,0.005803115,0.005612202
ZambiaUrban,0,0,0,0,0,4.38E-05,9.39E-05,0.000257009,0.000660216,0.001546416,0.003373571,0.006609271,0.011830714,0.019116648,0.027751563,0.036316481,0.043639116,0.048697728,0.05097045,0.051315328,0.050575441,0.048438118,0.046122361,0.044015733,0.042178665,0.040738684,0.039736539,0.039005332,0.038514621,0.038284108,0.038142577,0.038269843,0.03795255,0.037245063,0.035515836,0.033254754,0.030249497,0.026358158,0.02119171,0.018256044,0.016198924,0.0145273,0.012950906,0.011468704,0.009983911,0.008693257
ZambiaRural,0,0,0,0,0,0.000141586,0.000256015,0.000673349,0.001664952,0.003699276,0.007238829,0.012666162,0.018789097,0.024083653,0.026916786,0.026334501,0.023430125,0.01930794,0.016310379,0.014119463,0.012646868,0.012243886,0.012593116,0.013404974,0.014520957,0.015618028,0.01638209,0.01681111,0.016992529,0.016885904,0.01653621,0.015838482,0.015055595,0.01414332,0.012902224,0.011677477,0.010512693,0.009405891,0.007992329,0.00717045,0.006445751,0.005834797,0.005262055,0.004701036,0.004120701,0.00359507
ZimbabweUrban,0,0,0,0,0,1.53E-05,3.38E-05,9.36E-05,0.00023692,0.000557904,0.001200755,0.002381594,0.004347133,0.00731095,0.011353992,0.016637588,0.023001868,0.029776733,0.036958786,0.043892304,0.05061751,0.056128288,0.060639317,0.063771907,0.065283267,0.064761389,0.061763266,0.05662664,0.04983799,0.041995355,0.034053037,0.02674727,0.020565633,0.015929465,0.012905215,0.011463235,0.011392153,0.012018986,0.012960382,0.013409168,0.0123006,0.011026924,0.011334148,0.010061104,0.009218241,0.008397535
ZimbabweRural,0,0,0,0,0,0.000152751,1.90E-05,4.45E-05,8.05E-05,0.000139395,0.000242624,0.000428906,0.00076633,0.001378475,0.002473535,0.004383922,0.007540406,0.012335546,0.018995674,0.027301091,0.036395628,0.044801423,0.050705227,0.053011118,0.051512635,0.047096592,0.04132805,0.035485748,0.030184404,0.025906695,0.02270736,0.020453469,0.019024971,0.018114374,0.017555992,0.017006865,0.016337066,0.015484531,0.014583309,0.013412517,0.011955689,0.010886855,0.010432282,0.009062614,0.008355727,0.007520758
BurundiUrban,0,0,0,0,0,0.000188887,0.0001991,0.000375631,0.000680714,0.001200002,0.00201778,0.003224058,0.004963287,0.007335207,0.010266899,0.013676404,0.017423546,0.020886373,0.023850548,0.025751402,0.026527018,0.025952711,0.024337743,0.021882607,0.0189905,0.016162299,0.01364954,0.011600568,0.009974102,0.008785772,0.007870018,0.007196495,0.006580928,0.006067286,0.005493574,0.004848235,0.004164276,0.003507438,0.002846856,0.002316721,0.001942063,0.001687514,0.001458467,0.001256474,0.001062916,0.000917762
BurundiRural,0,0,0,0,0,5.92E-10,1.47E-09,5.86E-09,2.26E-08,9.25E-08,3.82E-07,1.55E-06,6.13E-06,2.36E-05,8.49E-05,0.000281754,0.000851618,0.002300243,0.00532888,0.010594223,0.017929489,0.025550747,0.030512525,0.030618174,0.02573274,0.017949282,0.010281398,0.004885229,0.001883191,0.000938755,0.001268738,0.002169894,0.003201841,0.00416078,0.00490062,0.005357183,0.005523484,0.005347317,0.004948232,0.004395833,0.004024265,0.003815923,0.003624034,0.003458802,0.003324545,0.003159661
BotUrb2x,0,0,0,0,0,9.66E-06,1.24E-05,2.68E-05,5.67E-05,0.00011744,0.000237274,0.000484631,0.000912731,0.001680958,0.00300521,0.005181545,0.00878513,0.013819668,0.020775427,0.029652082,0.040051862,0.050100318,0.06075651,0.06986944,0.076450015,0.079888172,0.079884797,0.077981104,0.074094096,0.068867099,0.063039455,0.05702846,0.051236933,0.045653018,0.040185932,0.035024497,0.031085884,0.028268895,0.026375216,0.024229944,0.021900696,0.019783877,0.01820596,0.016684539,0.015182068,0.013829753
